{
  "baseline_tag": "baseline",
  "optimized_tag": "fused",
  "baseline": {
    "1": {
      "ttft_p50": 100.57386383414268,
      "ttft_p95": 103.08598261326551,
      "tbt_p50": 3.107531927525997,
      "tbt_p95": 3.115478903055191,
      "throughput_tok_s": 5654.204222736287,
      "success_rate": 1.0,
      "wall_time_ms": 905.520882923156
    },
    "4": {
      "ttft_p50": 129.32543689385056,
      "ttft_p95": 154.93598394095898,
      "tbt_p50": 3.4503010101616383,
      "tbt_p95": 3.4684306010603905,
      "throughput_tok_s": 6972.135392738536,
      "success_rate": 1.0,
      "wall_time_ms": 2936.689958907664
    },
    "8": {
      "ttft_p50": 119.36921812593937,
      "ttft_p95": 136.87177235260606,
      "tbt_p50": 3.4497398883104324,
      "tbt_p95": 3.480859100818634,
      "throughput_tok_s": 7854.31995706327,
      "success_rate": 1.0,
      "wall_time_ms": 5208.980564028025
    },
    "16": {
      "ttft_p50": 118.21800004690886,
      "ttft_p95": 134.71174612641335,
      "tbt_p50": 3.470368217676878,
      "tbt_p95": 3.4989449195563793,
      "throughput_tok_s": 7747.6871206749665,
      "success_rate": 1.0,
      "wall_time_ms": 10554.11747097969
    }
  }
}