{
  "baseline_tag": "baseline",
  "optimized_tag": "fused",
  "baseline": {
    "1": {
      "ttft_p50": 226.99384205043316,
      "ttft_p95": 228.63331297412515,
      "tbt_p50": 7.577799027785659,
      "tbt_p95": 7.581233978271484,
      "throughput_tok_s": 2350.441716183307,
      "success_rate": 1.0,
      "wall_time_ms": 2178.3139589242637
    },
    "4": {
      "ttft_p50": 210.30797879211605,
      "ttft_p95": 768.6369197908789,
      "tbt_p50": 8.334606187418103,
      "tbt_p95": 8.3403040189296,
      "throughput_tok_s": 2837.0413776980795,
      "success_rate": 1.0,
      "wall_time_ms": 7218.787910882384
    },
    "8": {
      "ttft_p50": 170.66013906151056,
      "ttft_p95": 226.4216491021216,
      "tbt_p50": 8.343521039932966,
      "tbt_p95": 8.352919947355986,
      "throughput_tok_s": 3500.9143834086167,
      "success_rate": 1.0,
      "wall_time_ms": 11699.800541857257
    },
    "16": {
      "ttft_p50": 163.92500512301922,
      "ttft_p95": 207.64513406902552,
      "tbt_p50": 8.33819410763681,
      "tbt_p95": 8.350304095074534,
      "throughput_tok_s": 3516.0376064972434,
      "success_rate": 1.0,
      "wall_time_ms": 23298.954439116642
    }
  }
}