{
  "baseline_tag": "fused",
  "optimized_tag": "fused",
  "baseline": {
    "1": {
      "ttft_p50": 83.9259522035718,
      "ttft_p95": 84.73967714235187,
      "tbt_p50": 2.5080619379878044,
      "tbt_p95": 2.5251121260225773,
      "throughput_tok_s": 6970.61992721569,
      "success_rate": 1.0,
      "wall_time_ms": 728.7730579264462
    },
    "4": {
      "ttft_p50": 91.21095482259989,
      "ttft_p95": 120.57384615764022,
      "tbt_p50": 3.6324523389339447,
      "tbt_p95": 3.827265929430723,
      "throughput_tok_s": 8666.40200705915,
      "success_rate": 1.0,
      "wall_time_ms": 2318.8400426879525
    },
    "8": {
      "ttft_p50": 121.69981002807617,
      "ttft_p95": 145.86647972464561,
      "tbt_p50": 3.4554521553218365,
      "tbt_p95": 3.725511021912098,
      "throughput_tok_s": 8642.650859385092,
      "success_rate": 1.0,
      "wall_time_ms": 4683.748153038323
    },
    "16": {
      "ttft_p50": 106.75565106794238,
      "ttft_p95": 172.30676114559174,
      "tbt_p50": 3.543116617947817,
      "tbt_p95": 3.8143726997077465,
      "throughput_tok_s": 9503.259855128208,
      "success_rate": 1.0,
      "wall_time_ms": 8532.651030924171
    }
  }
}