{
  "baseline_tag": "fused",
  "optimized_tag": "fused",
  "baseline": {
    "1": {
      "ttft_p50": 168.18181495182216,
      "ttft_p95": 169.79230800643563,
      "tbt_p50": 7.8775950241833925,
      "tbt_p95": 7.879692129790783,
      "throughput_tok_s": 2341.7584246305446,
      "success_rate": 1.0,
      "wall_time_ms": 2186.3911948166788
    },
    "4": {
      "ttft_p50": 179.1829038411379,
      "ttft_p95": 227.6489590294659,
      "tbt_p50": 8.555606938898563,
      "tbt_p95": 8.562852162867785,
      "throughput_tok_s": 3002.931332041448,
      "success_rate": 1.0,
      "wall_time_ms": 6820.002769120038
    },
    "8": {
      "ttft_p50": 167.64044389128685,
      "ttft_p95": 220.3205928672105,
      "tbt_p50": 8.55976203456521,
      "tbt_p95": 8.574216859415174,
      "throughput_tok_s": 3426.041623760304,
      "success_rate": 1.0,
      "wall_time_ms": 11955.488139996305
    },
    "16": {
      "ttft_p50": 167.00850403867662,
      "ttft_p95": 199.69923794269562,
      "tbt_p50": 8.561648894101381,
      "tbt_p95": 8.57307598926127,
      "throughput_tok_s": 3437.33782451235,
      "success_rate": 1.0,
      "wall_time_ms": 23832.39709981717
    }
  }
}